01,01, 統計学とは
01,02, 統計データと統計手法
01,03, 統計データの分析とプロセス
01,04, 練習問題
02,01, 度数分布とヒストグラム
02,02, 代表値,
02,03, 散らばりの尺度 
02,04, 練習問題
03,01, 2次元データとは
03,02, 散布図と分割表
03,03, 相関係数
03,04, 直線および平面のあてはめ
03,05, 練習問題
04,01, ランダムネスと確率
04,02, 標本空間と事象
04,03, 確率の定義
04,04, 加法定理
04,05, 条件付確率と独立性
04,06, 練習問題
05,01, 確率変数と確率分布
05,02, 確率変数の期待値と分散
05,03, モーメントとモーメントの母関数
05,04, チェビシェフの不等式
05,05, 確率変数の変換
05,06, 練習問題
06,01, 超幾何分布
06,02, 二項分布とベルヌーイ分布
06,03, ポアソン分布
06,04, 幾何分布と負の二項分布
06,05, 一様分布
06,06, 正規分布
06,07, 指数分布
06,08, ガンマ分布
06,09, ベータ分布と一様分布
06,10, コーシー分布
06,11, 対数正規分布
06,12, パレート分布
06,13, ワイブル分布
06,14, 練習問題
07,01, 同次確率分布と周辺確率分布
07,02, 条件付確率分布と独立な確率変数
07,03, 多次元正規分布
07,04, 独立な確率変数の和
07,05, 練習問題
08,01, 大数の法則
08,02, 中心極限定理
08,03, 中心極限定理の応用
08,04, 練習問題
09,01, 母集団と標本
09,02, 母数と統計量
09,03, 統計量の標本分布
09,04, 有限母集団と有限母集団修正
09,05, 練習問題
10,01, 正規分布の性質
10,02, 分散が既知のときの標本平均の標本分布
10,03, 標本分散の標本分布
10,04, 分散が未知のときの標本平均の標本分布
10,05, 2標本問題
10,06, 標本相関係数の標本分布
10,07, 練習問題
11,01, 点推定と区間推定
11,02, 点推定の考え方とその手順
11,03, 点推定の基準
11,04, 点推定の例
11,05, 区間推定
11,06, 練習問題
12,01, 検定の考え方
12,02, 正規母集団に対する仮説検定
12,03, いろいろの $ \chi^2 $ 検定
12,04, 中心極限定理を用いる検定
12,05, 検出力
12,06, 練習問題
13,01, 回帰分析
13,02, 回帰係数の推定
13,03, 編回帰係数の統計的推測
13,04, 重回帰分析
13,05, 練習問題